id,method,uri,name,module,access,permission,verified_by
RT-001,GET,/,home,Public Site,public,,
RT-002,GET,ads,ads.dashboard,Advertising,public,,
RT-003,DELETE,ads/ads/{ad},ads.ads.destroy,Advertising,public,,
RT-004,GET,ads/campaigns,ads.campaigns.index,Advertising,public,,
RT-005,POST,ads/campaigns,ads.campaigns.store,Advertising,public,,
RT-006,GET,ads/campaigns/{campaign},ads.campaigns.show,Advertising,public,,
RT-007,PATCH,ads/campaigns/{campaign},ads.campaigns.update,Advertising,public,,
RT-008,DELETE,ads/campaigns/{campaign},ads.campaigns.destroy,Advertising,public,,
RT-009,POST,ads/campaigns/{campaign}/groups,ads.groups.store,Advertising,public,,
RT-010,POST,ads/campaigns/{campaign}/refresh-metrics,ads.campaigns.refresh-metrics,Advertising,public,,
RT-011,POST,ads/campaigns/{campaign}/status,ads.campaigns.status,Advertising,public,,
RT-012,DELETE,ads/groups/{group},ads.groups.destroy,Advertising,public,,
RT-013,POST,ads/groups/{group}/ads,ads.ads.store,Advertising,public,,
RT-014,POST,ads/groups/{group}/keywords,ads.keywords.store,Advertising,public,,
RT-015,DELETE,ads/keywords/{keyword},ads.keywords.destroy,Advertising,public,,
RT-016,GET,ads/retargeting,ads.retargeting.index,Advertising,public,,
RT-017,POST,ads/retargeting,ads.retargeting.store,Advertising,public,,
RT-018,DELETE,ads/retargeting/{audience},ads.retargeting.destroy,Advertising,public,,
RT-019,POST,ads/retargeting/{audience}/rebuild,ads.retargeting.rebuild,Advertising,public,,
RT-020,GET,ai,ai.dashboard,AI,public,,
RT-021,GET,ai/actions,ai.actions.index,AI,public,,
RT-022,POST,ai/actions/{action}/approve,ai.actions.approve,AI,public,,
RT-023,POST,ai/actions/{action}/reject,ai.actions.reject,AI,public,,
RT-024,GET,ai/agent,ai.agent.index,AI,public,,
RT-025,POST,ai/agent/crm-update,ai.agent.crm-update,AI,public,,
RT-026,POST,ai/agent/objection,ai.agent.objection,AI,public,,
RT-027,POST,ai/agent/run,ai.agent.run,AI,public,,
RT-028,GET,ai/conversations,ai.conversations.index,AI,public,,
RT-029,POST,ai/conversations,ai.conversations.store,AI,public,,
RT-030,POST,ai/conversations/{conversation}/reply,ai.conversations.reply,AI,public,,
RT-031,POST,ai/conversations/{conversation}/summarize,ai.conversations.summarize,AI,public,,
RT-032,GET,ai/prompts,ai.prompts.index,AI,public,,
RT-033,POST,ai/prompts/activate,ai.prompts.activate,AI,public,,
RT-034,POST,ai/prompts/publish,ai.prompts.publish,AI,public,,
RT-035,GET,ai/visibility,ai.visibility.index,AI,public,,
RT-036,POST,ai/visibility/prompts,ai.visibility.prompts.store,AI,public,,
RT-037,DELETE,ai/visibility/prompts/{prompt},ai.visibility.prompts.destroy,AI,public,,
RT-038,POST,ai/visibility/run,ai.visibility.run,AI,public,,
RT-039,GET,analytics,analytics.dashboard,Analytics,public,,journey-test
RT-040,GET,analytics/attribution,analytics.attribution.index,Analytics,public,,journey-test
RT-041,GET,analytics/benchmarks,analytics.benchmarks.index,Analytics,public,,
RT-042,GET,analytics/calls,analytics.calls.index,Analytics,public,,
RT-043,POST,analytics/calls,analytics.calls.store,Analytics,public,,
RT-044,POST,analytics/calls/numbers,analytics.calls.numbers.store,Analytics,public,,
RT-045,DELETE,analytics/calls/numbers/{number},analytics.calls.numbers.destroy,Analytics,public,,
RT-046,POST,analytics/calls/{call}/convert,analytics.calls.convert,Analytics,public,,
RT-047,GET,analytics/competitors,analytics.competitors.index,Analytics,public,,
RT-048,POST,analytics/competitors,analytics.competitors.store,Analytics,public,,
RT-049,PATCH,analytics/competitors/{competitor},analytics.competitors.update,Analytics,public,,
RT-050,DELETE,analytics/competitors/{competitor},analytics.competitors.destroy,Analytics,public,,
RT-051,GET,analytics/experiments,analytics.experiments.index,Analytics,public,,
RT-052,POST,analytics/experiments,analytics.experiments.store,Analytics,public,,
RT-053,POST,analytics/experiments/variants/{variant}/record,analytics.experiments.record,Analytics,public,,
RT-054,DELETE,analytics/experiments/{experiment},analytics.experiments.destroy,Analytics,public,,
RT-055,POST,analytics/experiments/{experiment}/conclude,analytics.experiments.conclude,Analytics,public,,
RT-056,POST,analytics/experiments/{experiment}/start,analytics.experiments.start,Analytics,public,,
RT-057,GET,analytics/growth-score,analytics.growth-score.index,Analytics,public,,
RT-058,POST,analytics/growth-score/snapshot,analytics.growth-score.snapshot,Analytics,public,,
RT-059,GET,analytics/omnichannel,analytics.omnichannel.index,Analytics,public,,
RT-060,GET,api/user,,Public API,public,,
RT-061,GET,api/v1/companies,api.v1.companies.index,Public API,public,,
RT-062,GET,api/v1/companies/{company},api.v1.companies.show,Public API,public,,
RT-063,GET,api/v1/contacts,api.v1.contacts.index,Public API,public,,
RT-064,POST,api/v1/contacts,api.v1.contacts.store,Public API,public,,
RT-065,GET,api/v1/contacts/{contact},api.v1.contacts.show,Public API,public,,
RT-066,GET,api/v1/deals,api.v1.deals.index,Public API,public,,
RT-067,GET,api/v1/deals/{deal},api.v1.deals.show,Public API,public,,
RT-068,GET,b/{slug},public.booking.show,Public Booking,public,,
RT-069,POST,b/{slug},public.booking.book,Public Booking,public,,
RT-070,GET,billing,billing.index,Billing,public,,feature-tests
RT-071,GET,billing/checkout,billing.checkout.show,Billing,public,,feature-tests
RT-072,POST,billing/checkout,billing.checkout.store,Billing,public,,feature-tests
RT-073,GET,billing/invoices,billing.invoices.index,Billing,public,,feature-tests
RT-074,GET,billing/invoices/{invoice},billing.invoices.show,Billing,public,,feature-tests
RT-075,GET,billing/plans,billing.plans,Billing,public,,feature-tests
RT-076,PATCH,billing/profile,billing.profile.update,Billing,public,,feature-tests
RT-077,PATCH,billing/subscription,billing.subscription.update,Billing,public,,feature-tests
RT-078,POST,billing/subscription/cancel,billing.subscription.cancel,Billing,public,,feature-tests
RT-079,POST,billing/subscription/resume,billing.subscription.resume,Billing,public,,feature-tests
RT-080,GET,chat,chat.inbox,Website Chat,public,,feature-tests
RT-081,GET,chat/analytics,chat.analytics,Website Chat,public,,feature-tests
RT-082,GET,chat/conversations/{conversation},chat.conversations.show,Website Chat,public,,feature-tests
RT-083,PATCH,chat/conversations/{conversation},chat.conversations.update,Website Chat,public,,feature-tests
RT-084,POST,chat/conversations/{conversation}/note,chat.conversations.note,Website Chat,public,,feature-tests
RT-085,GET,chat/conversations/{conversation}/poll,chat.conversations.poll,Website Chat,public,,feature-tests
RT-086,POST,chat/conversations/{conversation}/reply,chat.conversations.reply,Website Chat,public,,feature-tests
RT-087,POST,chat/conversations/{conversation}/summarize,chat.conversations.summarize,Website Chat,public,,feature-tests
RT-088,POST,chat/presence,chat.presence.update,Website Chat,public,,feature-tests
RT-089,POST,chat/presence/heartbeat,chat.presence.heartbeat,Website Chat,public,,feature-tests
RT-090,GET,chat/widgets,chat.widgets.index,Website Chat,public,,feature-tests
RT-091,POST,chat/widgets,chat.widgets.store,Website Chat,public,,feature-tests
RT-092,PATCH,chat/widgets/{widget},chat.widgets.update,Website Chat,public,,feature-tests
RT-093,DELETE,chat/widgets/{widget},chat.widgets.destroy,Website Chat,public,,feature-tests
RT-094,GET,chat/widgets/{widget}/flow,chat.flow.edit,Website Chat,public,,feature-tests
RT-095,PUT,chat/widgets/{widget}/flow,chat.flow.update,Website Chat,public,,feature-tests
RT-096,POST,chat/widgets/{widget}/flow/template,chat.flow.template,Website Chat,public,,feature-tests
RT-097,POST,chat/widgets/{widget}/flow/test,chat.flow.test,Website Chat,public,,feature-tests
RT-098,POST,chat/widgets/{widget}/flow/validate,chat.flow.validate,Website Chat,public,,feature-tests
RT-099,GET,chat/widgets/{widget}/settings,chat.widgets.edit,Website Chat,public,,feature-tests
RT-100,GET,confirm-password,password.confirm,Auth,public,,
RT-101,POST,confirm-password,,Auth,public,,
RT-102,GET,content,content.dashboard,Content,public,,
RT-103,GET,content/outreach,content.outreach.index,Content,public,,
RT-104,POST,content/outreach,content.outreach.store,Content,public,,
RT-105,DELETE,content/outreach/prospects/{prospect},content.outreach.prospects.destroy,Content,public,,
RT-106,POST,content/outreach/prospects/{prospect}/placement,content.outreach.prospects.placement,Content,public,,
RT-107,POST,content/outreach/prospects/{prospect}/status,content.outreach.prospects.status,Content,public,,
RT-108,DELETE,content/outreach/{campaign},content.outreach.destroy,Content,public,,
RT-109,POST,content/outreach/{campaign}/prospects,content.outreach.prospects.store,Content,public,,
RT-110,GET,content/pieces,content.pieces.index,Content,public,,
RT-111,POST,content/pieces,content.pieces.store,Content,public,,
RT-112,GET,content/pieces/{piece},content.pieces.show,Content,public,,
RT-113,PATCH,content/pieces/{piece},content.pieces.update,Content,public,,
RT-114,DELETE,content/pieces/{piece},content.pieces.destroy,Content,public,,
RT-115,POST,content/pieces/{piece}/status,content.pieces.status,Content,public,,
RT-116,GET,content/reputation,content.reputation.index,Content,public,,
RT-117,POST,content/reputation/assets,content.reputation.assets.store,Content,public,,
RT-118,DELETE,content/reputation/assets/{asset},content.reputation.assets.destroy,Content,public,,
RT-119,POST,content/reputation/import,content.reputation.import,Content,public,,
RT-120,POST,content/reputation/requests,content.reputation.requests.store,Content,public,,
RT-121,POST,content/reputation/requests/{reviewRequest}/send,content.reputation.requests.send,Content,public,,
RT-122,POST,content/reputation/reviews,content.reputation.reviews.store,Content,public,,
RT-123,POST,content/reputation/reviews/{review}/respond,content.reputation.reviews.respond,Content,public,,
RT-124,GET,content/social,content.social.index,Content,public,,
RT-125,POST,content/social,content.social.store,Content,public,,
RT-126,DELETE,content/social/{post},content.social.destroy,Content,public,,
RT-127,POST,content/social/{post}/publish,content.social.publish,Content,public,,
RT-128,POST,content/social/{post}/refresh-metrics,content.social.refresh-metrics,Content,public,,
RT-129,POST,content/social/{post}/schedule,content.social.schedule,Content,public,,
RT-130,POST,crm/activities,crm.activities.store,CRM,public,,
RT-131,DELETE,crm/activities/{activity},crm.activities.destroy,CRM,public,,
RT-132,PATCH,crm/activities/{activity}/complete,crm.activities.complete,CRM,public,,
RT-133,GET,crm/companies,crm.companies.index,CRM,public,,
RT-134,POST,crm/companies,crm.companies.store,CRM,public,,journey-test
RT-135,GET,crm/companies/{company},crm.companies.show,CRM,public,,
RT-136,PATCH,crm/companies/{company},crm.companies.update,CRM,public,,
RT-137,DELETE,crm/companies/{company},crm.companies.destroy,CRM,public,,
RT-138,GET,crm/contacts,crm.contacts.index,CRM,public,,
RT-139,POST,crm/contacts,crm.contacts.store,CRM,public,,journey-test
RT-140,GET,crm/contacts/export,crm.contacts.export,CRM,public,,
RT-141,GET,crm/contacts/import,crm.contacts.import,CRM,public,,
RT-142,POST,crm/contacts/import,crm.contacts.import.store,CRM,public,,
RT-143,POST,crm/contacts/import/preview,crm.contacts.import.preview,CRM,public,,
RT-144,GET,crm/contacts/{contact},crm.contacts.show,CRM,public,,
RT-145,PATCH,crm/contacts/{contact},crm.contacts.update,CRM,public,,
RT-146,DELETE,crm/contacts/{contact},crm.contacts.destroy,CRM,public,,
RT-147,GET,crm/deals,crm.deals.index,CRM,public,,
RT-148,POST,crm/deals,crm.deals.store,CRM,public,,
RT-149,GET,crm/deals/{deal},crm.deals.show,CRM,public,,
RT-150,PATCH,crm/deals/{deal},crm.deals.update,CRM,public,,journey-test
RT-151,DELETE,crm/deals/{deal},crm.deals.destroy,CRM,public,,
RT-152,PATCH,crm/deals/{deal}/stage,crm.deals.stage,CRM,public,,journey-test
RT-153,GET,crm/leads,crm.leads.index,CRM,public,,
RT-154,POST,crm/leads,crm.leads.store,CRM,public,,journey-test
RT-155,PATCH,crm/leads/{lead},crm.leads.update,CRM,public,,
RT-156,DELETE,crm/leads/{lead},crm.leads.destroy,CRM,public,,
RT-157,POST,crm/leads/{lead}/convert,crm.leads.convert,CRM,public,,journey-test
RT-158,GET,dashboard,dashboard,Dashboard,public,,
RT-159,GET,e/c/{token},public.track.click,Email Tracking,public,,
RT-160,GET,e/o/{token},public.track.open,Email Tracking,public,,
RT-161,GET,e/u/{token},public.track.unsubscribe.show,Email Tracking,public,,
RT-162,POST,e/u/{token},public.track.unsubscribe,Email Tracking,public,,
RT-163,POST,email/verification-notification,verification.send,Auth,public,,
RT-164,GET,f/{slug},public.form.show,Public Forms,public,,
RT-165,POST,f/{slug},public.form.submit,Public Forms,public,,
RT-166,GET,forgot-password,password.request,Auth,public,,
RT-167,POST,forgot-password,password.email,Auth,public,,
RT-168,GET,health,health,Ops,public,,
RT-169,POST,impersonate/stop,impersonate.stop,Platform Admin,public,,
RT-170,GET,invitations/{token},invitations.show,Invitations,public,,
RT-171,POST,invitations/{token},invitations.accept,Invitations,public,,journey-test
RT-172,GET,login,login,Auth,public,,
RT-173,POST,login,,Auth,public,,
RT-174,POST,logout,logout,Auth,public,,journey-test
RT-175,GET,marketing,marketing.dashboard,Marketing,public,,
RT-176,GET,marketing/automation,marketing.automation.index,Marketing,public,,
RT-177,POST,marketing/automation,marketing.automation.store,Marketing,public,,
RT-178,GET,marketing/automation/{workflow},marketing.automation.show,Marketing,public,,
RT-179,PATCH,marketing/automation/{workflow},marketing.automation.update,Marketing,public,,
RT-180,DELETE,marketing/automation/{workflow},marketing.automation.destroy,Marketing,public,,
RT-181,POST,marketing/automation/{workflow}/steps,marketing.automation.steps.add,Marketing,public,,
RT-182,DELETE,marketing/automation/{workflow}/steps/{step},marketing.automation.steps.delete,Marketing,public,,
RT-183,POST,marketing/automation/{workflow}/toggle,marketing.automation.toggle,Marketing,public,,
RT-184,GET,marketing/campaigns,marketing.campaigns.index,Marketing,public,,
RT-185,POST,marketing/campaigns,marketing.campaigns.store,Marketing,public,,journey-test
RT-186,GET,marketing/campaigns/{campaign},marketing.campaigns.show,Marketing,public,,
RT-187,PATCH,marketing/campaigns/{campaign},marketing.campaigns.update,Marketing,public,,
RT-188,DELETE,marketing/campaigns/{campaign},marketing.campaigns.destroy,Marketing,public,,
RT-189,POST,marketing/campaigns/{campaign}/send,marketing.campaigns.send,Marketing,public,,
RT-190,GET,marketing/forms,marketing.forms.index,Marketing,public,,
RT-191,POST,marketing/forms,marketing.forms.store,Marketing,public,,
RT-192,PATCH,marketing/forms/{form},marketing.forms.update,Marketing,public,,
RT-193,DELETE,marketing/forms/{form},marketing.forms.destroy,Marketing,public,,
RT-194,POST,marketing/forms/{form}/publish,marketing.forms.publish,Marketing,public,,
RT-195,GET,marketing/funnels,marketing.funnels.index,Marketing,public,,
RT-196,POST,marketing/funnels,marketing.funnels.store,Marketing,public,,
RT-197,DELETE,marketing/funnels/{funnel},marketing.funnels.destroy,Marketing,public,,
RT-198,GET,marketing/landing-pages,marketing.landing-pages.index,Marketing,public,,
RT-199,POST,marketing/landing-pages,marketing.landing-pages.store,Marketing,public,,
RT-200,PATCH,marketing/landing-pages/{landingPage},marketing.landing-pages.update,Marketing,public,,
RT-201,DELETE,marketing/landing-pages/{landingPage},marketing.landing-pages.destroy,Marketing,public,,
RT-202,POST,marketing/landing-pages/{landingPage}/publish,marketing.landing-pages.publish,Marketing,public,,
RT-203,GET,marketing/lists,marketing.lists.index,Marketing,public,,
RT-204,POST,marketing/lists,marketing.lists.store,Marketing,public,,
RT-205,GET,marketing/lists/{list},marketing.lists.show,Marketing,public,,
RT-206,PATCH,marketing/lists/{list},marketing.lists.update,Marketing,public,,
RT-207,DELETE,marketing/lists/{list},marketing.lists.destroy,Marketing,public,,
RT-208,POST,marketing/lists/{list}/contacts,marketing.lists.contacts.add,Marketing,public,,
RT-209,DELETE,marketing/lists/{list}/contacts/{contact},marketing.lists.contacts.remove,Marketing,public,,
RT-210,POST,notifications/read-all,notifications.read-all,Notifications,public,,
RT-211,POST,notifications/{id}/read,notifications.read,Notifications,public,,
RT-212,POST,organizations,organizations.store,Organizations,public,,journey-test
RT-213,GET,organizations/create,organizations.create,Organizations,public,,
RT-214,POST,organizations/{organization}/switch,organizations.switch,Organizations,public,,
RT-215,GET,p/{slug},public.landing.show,Public Pages,public,,
RT-216,GET,platform,platform.dashboard,Platform Admin,public,,feature-tests
RT-217,GET,platform/ai,platform.ai,Platform Admin,public,,feature-tests
RT-218,POST,platform/ai,platform.ai.save,Platform Admin,public,,feature-tests
RT-219,POST,platform/ai/test,platform.ai.test,Platform Admin,public,,feature-tests
RT-220,GET,platform/announcements,platform.announcements,Platform Admin,public,,feature-tests
RT-221,POST,platform/announcements,platform.announcements.store,Platform Admin,public,,feature-tests
RT-222,GET,platform/flags,platform.flags,Platform Admin,public,,feature-tests
RT-223,POST,platform/flags,platform.flags.save,Platform Admin,public,,feature-tests
RT-224,POST,platform/impersonate/{user},platform.impersonate.start,Platform Admin,public,,feature-tests
RT-225,GET,portal,portal.dashboard,Client Portal,public,,
RT-226,POST,portal/deliverables/{deliverable}/approve,portal.deliverables.approve,Client Portal,public,,
RT-227,POST,portal/deliverables/{deliverable}/reject,portal.deliverables.reject,Client Portal,public,,
RT-228,GET,portal/projects,portal.projects,Client Portal,public,,
RT-229,GET,portal/support,portal.support,Client Portal,public,,
RT-230,POST,portal/support/tickets,portal.support.tickets.store,Client Portal,public,,
RT-231,GET,projects,projects.index,Projects,public,,
RT-232,POST,projects,projects.store,Projects,public,,
RT-233,POST,projects/deliverables/{deliverable}/approve,projects.deliverables.approve,Projects,public,,
RT-234,POST,projects/deliverables/{deliverable}/reject,projects.deliverables.reject,Projects,public,,
RT-235,POST,projects/deliverables/{deliverable}/submit,projects.deliverables.submit,Projects,public,,
RT-236,PATCH,projects/tasks/{task},projects.tasks.update,Projects,public,,
RT-237,PATCH,projects/{project},projects.update,Projects,public,,
RT-238,POST,projects/{project}/deliverables,projects.deliverables.store,Projects,public,,
RT-239,POST,projects/{project}/members,projects.members.store,Projects,public,,
RT-240,POST,projects/{project}/sprints,projects.sprints.store,Projects,public,,
RT-241,POST,projects/{project}/tasks,projects.tasks.store,Projects,public,,
RT-242,GET,register,register,Auth,public,,journey-test
RT-243,POST,register,,Auth,public,,
RT-244,POST,reset-password,password.store,Auth,public,,
RT-245,GET,reset-password/{token},password.reset,Auth,public,,
RT-246,GET,s/{slug},public.page.show,Public Site,public,,
RT-247,GET,sales,sales.dashboard,Sales,public,,
RT-248,GET,sales/accounts,sales.accounts.index,Sales,public,,
RT-249,POST,sales/accounts,sales.accounts.store,Sales,public,,
RT-250,PATCH,sales/accounts/{account},sales.accounts.update,Sales,public,,
RT-251,DELETE,sales/accounts/{account},sales.accounts.destroy,Sales,public,,
RT-252,POST,sales/accounts/{account}/rescore,sales.accounts.rescore,Sales,public,,
RT-253,GET,sales/alerts,sales.alerts.index,Sales,public,,
RT-254,POST,sales/alerts,sales.alerts.store,Sales,public,,
RT-255,POST,sales/alerts/{alert}/read,sales.alerts.read,Sales,public,,
RT-256,DELETE,sales/alerts/{rule},sales.alerts.destroy,Sales,public,,
RT-257,GET,sales/booking,sales.booking.index,Sales,public,,
RT-258,POST,sales/booking,sales.booking.store,Sales,public,,
RT-259,POST,sales/booking/appointments/{booking}/status,sales.booking.status,Sales,public,,
RT-260,DELETE,sales/booking/{bookingPage},sales.booking.destroy,Sales,public,,
RT-261,POST,sales/booking/{bookingPage}/publish,sales.booking.publish,Sales,public,,
RT-262,GET,sales/enablement,sales.enablement.index,Sales,public,,
RT-263,POST,sales/enablement/assets,sales.enablement.assets.store,Sales,public,,
RT-264,DELETE,sales/enablement/assets/{asset},sales.enablement.assets.destroy,Sales,public,,
RT-265,POST,sales/enablement/plays,sales.enablement.plays.store,Sales,public,,
RT-266,DELETE,sales/enablement/plays/{play},sales.enablement.plays.destroy,Sales,public,,
RT-267,GET,sales/intent,sales.intent.index,Sales,public,,
RT-268,POST,sales/intent,sales.intent.store,Sales,public,,
RT-269,GET,sales/scoring,sales.scoring.index,Sales,public,,
RT-270,POST,sales/scoring,sales.scoring.store,Sales,public,,
RT-271,POST,sales/scoring/recompute,sales.scoring.recompute,Sales,public,,journey-test
RT-272,PATCH,sales/scoring/{rule},sales.scoring.update,Sales,public,,
RT-273,DELETE,sales/scoring/{rule},sales.scoring.destroy,Sales,public,,
RT-274,GET,sanctum/csrf-cookie,sanctum.csrf-cookie,Framework,public,,
RT-275,GET,search,search,Global Search,public,,
RT-276,GET,seo,seo.dashboard,SEO,public,,
RT-277,GET,seo/ai-visibility,seo.ai.index,SEO,public,,
RT-278,POST,seo/ai-visibility,seo.ai.check,SEO,public,,
RT-279,GET,seo/audits,seo.audits.index,SEO,public,,
RT-280,POST,seo/audits,seo.audits.store,SEO,public,,
RT-281,GET,seo/audits/{audit},seo.audits.show,SEO,public,,
RT-282,GET,seo/keywords,seo.keywords.index,SEO,public,,
RT-283,POST,seo/keywords,seo.keywords.store,SEO,public,,
RT-284,POST,seo/keywords/recluster,seo.keywords.recluster,SEO,public,,
RT-285,PATCH,seo/keywords/{keyword},seo.keywords.update,SEO,public,,
RT-286,DELETE,seo/keywords/{keyword},seo.keywords.destroy,SEO,public,,
RT-287,POST,seo/keywords/{keyword}/rank,seo.keywords.rank,SEO,public,,
RT-288,GET,seo/local,seo.local.index,SEO,public,,
RT-289,POST,seo/local,seo.local.store,SEO,public,,
RT-290,DELETE,seo/local/{location},seo.local.destroy,SEO,public,,
RT-291,POST,seo/local/{location}/citations,seo.local.citations.store,SEO,public,,
RT-292,DELETE,seo/local/{location}/citations/{citation},seo.local.citations.destroy,SEO,public,,
RT-293,POST,seo/local/{location}/citations/{citation}/check,seo.local.citations.check,SEO,public,,
RT-294,GET,seo/schema,seo.schema.index,SEO,public,,
RT-295,POST,seo/schema,seo.schema.store,SEO,public,,
RT-296,DELETE,seo/schema/{schema},seo.schema.destroy,SEO,public,,
RT-297,GET|POST|PUT|PATCH|DELETE|OPTIONS,settings,,Settings,public,,
RT-298,GET,settings/api-tokens,api-tokens.index,Settings,public,,
RT-299,POST,settings/api-tokens,api-tokens.store,Settings,public,,
RT-300,DELETE,settings/api-tokens/{tokenId},api-tokens.destroy,Settings,public,,
RT-301,GET,settings/appearance,appearance,Settings,public,,
RT-302,GET,settings/audit-log,audit.index,Settings,public,,
RT-303,GET,settings/files,files.index,Settings,public,,
RT-304,POST,settings/files,files.store,Settings,public,,
RT-305,DELETE,settings/files/{file},files.destroy,Settings,public,,
RT-306,GET,settings/files/{file}/download,files.download,Settings,public,,menu-smoke-test
RT-307,GET,settings/integrations,integrations.index,Settings,public,,
RT-308,POST,settings/integrations/connect,integrations.connect,Settings,public,,
RT-309,POST,settings/integrations/{integration}/disconnect,integrations.disconnect,Settings,public,,
RT-310,POST,settings/integrations/{integration}/queue-sync,integrations.queue-sync,Settings,public,,
RT-311,POST,settings/integrations/{integration}/reconnect,integrations.reconnect,Settings,public,,
RT-312,POST,settings/integrations/{integration}/sync,integrations.sync,Settings,public,,
RT-313,GET,settings/members,members.index,Settings,public,,
RT-314,POST,settings/members/invitations,invitations.store,Settings,public,,journey-test
RT-315,DELETE,settings/members/invitations/{invitation},invitations.destroy,Settings,public,,
RT-316,POST,settings/members/invitations/{invitation}/resend,invitations.resend,Settings,public,,
RT-317,DELETE,settings/members/{member},members.destroy,Settings,public,,
RT-318,PATCH,settings/members/{member}/deactivate,members.deactivate,Settings,public,,
RT-319,PATCH,settings/members/{member}/reactivate,members.reactivate,Settings,public,,
RT-320,PATCH,settings/members/{member}/role,members.role,Settings,public,,
RT-321,GET,settings/notifications,notifications.index,Settings,public,,
RT-322,PATCH,settings/notifications/preferences,notifications.preferences,Settings,public,,
RT-323,GET,settings/organization,organization.edit,Settings,public,,
RT-324,PATCH,settings/organization,organization.update,Settings,public,,
RT-325,DELETE,settings/organization,organization.destroy,Settings,public,,
RT-326,GET,settings/password,password.edit,Settings,public,,
RT-327,PUT,settings/password,password.update,Settings,public,,
RT-328,GET,settings/profile,profile.edit,Settings,public,,
RT-329,PATCH,settings/profile,profile.update,Settings,public,,
RT-330,DELETE,settings/profile,profile.destroy,Settings,public,,
RT-331,DELETE,settings/sessions,sessions.destroy-others,Settings,public,,
RT-332,GET,settings/teams,teams.index,Settings,public,,
RT-333,POST,settings/teams,teams.store,Settings,public,,
RT-334,PATCH,settings/teams/{team},teams.update,Settings,public,,
RT-335,DELETE,settings/teams/{team},teams.destroy,Settings,public,,
RT-336,POST,settings/teams/{team}/members,teams.members.add,Settings,public,,
RT-337,DELETE,settings/teams/{team}/members/{member},teams.members.remove,Settings,public,,
RT-338,GET,settings/two-factor,two-factor.show,Settings,public,,
RT-339,POST,settings/two-factor,two-factor.enable,Settings,public,,
RT-340,DELETE,settings/two-factor,two-factor.disable,Settings,public,,
RT-341,POST,settings/two-factor/confirm,two-factor.confirm,Settings,public,,
RT-342,POST,settings/two-factor/recovery-codes,two-factor.recovery-codes,Settings,public,,
RT-343,GET,storage/{path},storage.local,Framework,public,,
RT-344,PUT,storage/{path},storage.local.upload,Framework,public,,
RT-345,GET,strategy,strategy.index,Strategy,public,,
RT-346,GET,strategy/brand,strategy.brand,Strategy,public,,
RT-347,POST,strategy/brand,strategy.brand.save,Strategy,public,,
RT-348,POST,strategy/brand/assets,strategy.brand.assets.store,Strategy,public,,
RT-349,DELETE,strategy/brand/assets/{asset},strategy.brand.assets.destroy,Strategy,public,,
RT-350,POST,strategy/engagements,strategy.engagements.store,Strategy,public,,
RT-351,PATCH,strategy/engagements/{engagement},strategy.engagements.update,Strategy,public,,
RT-352,POST,strategy/items,strategy.items.store,Strategy,public,,
RT-353,PATCH,strategy/items/{item},strategy.items.update,Strategy,public,,
RT-354,DELETE,strategy/items/{item},strategy.items.destroy,Strategy,public,,
RT-355,GET,strategy/performance,strategy.performance,Strategy,public,,
RT-356,POST,strategy/performance,strategy.performance.store,Strategy,public,,
RT-357,DELETE,strategy/performance/{agreement},strategy.performance.destroy,Strategy,public,,
RT-358,POST,strategy/performance/{agreement}/replace-lead,strategy.performance.replace-lead,Strategy,public,,
RT-359,POST,strategy/plans,strategy.plans.store,Strategy,public,,
RT-360,POST,strategy/targets,strategy.targets.store,Strategy,public,,
RT-361,DELETE,strategy/targets/{target},strategy.targets.destroy,Strategy,public,,
RT-362,GET,support,support.index,Support,public,,
RT-363,POST,support/articles,support.articles.store,Support,public,,
RT-364,POST,support/tickets,support.tickets.store,Support,public,,
RT-365,POST,support/tickets/{ticket}/assign,support.tickets.assign,Support,public,,
RT-366,POST,support/tickets/{ticket}/reply,support.tickets.reply,Support,public,,
RT-367,POST,support/tickets/{ticket}/resolve,support.tickets.resolve,Support,public,,
RT-368,GET,two-factor-challenge,two-factor.challenge,Auth,public,,
RT-369,POST,two-factor-challenge,,Auth,public,,
RT-370,GET,up,,Ops,public,,
RT-371,GET,verify-email,verification.notice,Auth,public,,
RT-372,GET,verify-email/{id}/{hash},verification.verify,Auth,public,,
RT-373,GET,wc/{publicKey}/config,public.chat.config,Chat Widget API,public,,
RT-374,POST,wc/{publicKey}/conversations,public.chat.start,Chat Widget API,public,,
RT-375,POST,wc/{publicKey}/conversations/{token}/messages,public.chat.message,Chat Widget API,public,,
RT-376,GET,wc/{publicKey}/conversations/{token}/poll,public.chat.poll,Chat Widget API,public,,
RT-377,POST,wc/{publicKey}/events,public.chat.event,Chat Widget API,public,,
RT-378,POST,webhooks/{provider},billing.webhook,Webhooks,public,,feature-tests
RT-379,GET,website,web.pages.index,Website Builder,public,,
RT-380,POST,website/locations,web.locations.store,Website Builder,public,,
RT-381,POST,website/navigation,web.navigation.store,Website Builder,public,,
RT-382,DELETE,website/navigation/{item},web.navigation.destroy,Website Builder,public,,
RT-383,POST,website/pages,web.pages.store,Website Builder,public,,
RT-384,PATCH,website/pages/{page},web.pages.update,Website Builder,public,,
RT-385,DELETE,website/pages/{page},web.pages.destroy,Website Builder,public,,
RT-386,POST,website/pages/{page}/publish,web.pages.publish,Website Builder,public,,
RT-387,POST,website/pages/{page}/sections,web.sections.store,Website Builder,public,,
RT-388,POST,website/pages/{page}/sections/reorder,web.sections.reorder,Website Builder,public,,
RT-389,POST,website/pages/{page}/unpublish,web.pages.unpublish,Website Builder,public,,
RT-390,PATCH,website/sections/{section},web.sections.update,Website Builder,public,,
RT-391,DELETE,website/sections/{section},web.sections.destroy,Website Builder,public,,
RT-392,GET,website/taxonomy,web.taxonomy.index,Website Builder,public,,
RT-393,POST,website/taxonomy/provision,web.taxonomy.provision,Website Builder,public,,
